review_text,sentiment
This product is absolutely fantastic! Works perfectly and arrived quickly.,positive
Great quality for the price. I'm very happy with this purchase.,positive
Excellent build quality. Would definitely recommend to friends.,positive
Super fast delivery and the product exceeded my expectations.,positive
Very satisfied with this item. It works exactly as described.,positive
Amazing product! The battery life is outstanding.,positive
Love this product. Easy to set up and use every day.,positive
Perfect gift! My family was thrilled with the quality.,positive
Outstanding performance. Best purchase I've made this year.,positive
Five stars! Packaging was great and the item arrived in perfect condition.,positive
Really impressed with the durability. Worth every penny.,positive
"Smooth performance, great value, highly recommended.",positive
Beautifully designed product. Feels premium and works flawlessly.,positive
Exactly what I was looking for. Arrived ahead of schedule.,positive
Very comfortable and well-made. Will buy again.,positive
"Works like a charm. Solid construction, no complaints.",positive
Brilliant product at a competitive price. Very impressed.,positive
Sturdy and reliable. Happy with the purchase overall.,positive
Incredible value for money. Setup was a breeze.,positive
Great product. Instructions were clear and it works perfectly.,positive
"Loved it! Compact, lightweight, and very effective.",positive
Good quality materials and fast shipping. Very pleased.,positive
Top-notch product. Would order from this seller again.,positive
Absolutely worth the money. Performs better than expected.,positive
Really good product. Very easy to use and looks great.,positive
Highly recommended. Perfect for everyday use.,positive
Excellent product. Does exactly what it says on the tin.,positive
"Quick delivery, well-packaged, and great performance.",positive
Solid product. Battery lasts long and screen is crisp.,positive
Very nice design and excellent functionality. Happy purchase.,positive
Loved the product. Customer support was also very helpful.,positive
Premium feel at an affordable price. Great buy.,positive
This works wonderfully. Far exceeded my expectations.,positive
Beautiful product. Easy to use and works as advertised.,positive
Super impressed with the quality. Will definitely reorder.,positive
Fast shipping and item is exactly as described. Happy!,positive
Wonderful experience from order to delivery. Loving the product.,positive
Great product for daily use. Comfortable and well-built.,positive
"Solid build, smooth performance. Highly satisfied.",positive
One of the best purchases ever. Simply outstanding quality.,positive
Very good product. Does what it promises.,positive
Easy setup and works great. Totally worth the price.,positive
Exceptional quality. Better than I expected.,positive
Love the design and the functionality. Will recommend.,positive
Fantastic! All features work as described. Great value.,positive
Well-packaged and the product is of excellent quality.,positive
Very durable and efficient. A great buy for sure.,positive
Impressed by performance. Looks premium too.,positive
Really pleased with this. Fast delivery and great quality.,positive
Superb product. Works seamlessly. Totally worth it.,positive
Perfect for my needs. Quick delivery and good packaging.,positive
Very happy with this product. Great value for money.,positive
Excellent choice. Will be buying more from this brand.,positive
Reliable and efficient. No issues so far.,positive
Highly impressed. One of the best buys this season.,positive
"Sturdy build, great performance. Completely satisfied.",positive
Works as expected. Good quality and great price.,positive
So happy with this product. Exceeded all my expectations.,positive
Fantastic quality! Everything is as described in listing.,positive
Delivered on time and works perfectly. Very satisfied.,positive
Terrible product. Stopped working after just two days.,negative
Very disappointed. The quality is nothing like the pictures.,negative
Waste of money. Product broke within a week.,negative
Awful experience. Customer support was unhelpful and rude.,negative
Do not buy this. It's a complete scam.,negative
Poor build quality. Fell apart within days.,negative
Received a damaged product. Very unhappy with the purchase.,negative
Misleading description. Product is nothing like advertised.,negative
Cheap materials and bad design. Not worth the price at all.,negative
Very bad quality. Returned immediately.,negative
Stopped functioning after first use. Extremely frustrated.,negative
Would give zero stars if I could. Useless product.,negative
Took forever to deliver and arrived broken. Terrible.,negative
Complete disappointment. Not as described at all.,negative
Bad quality and terrible packaging. Will not buy again.,negative
Product malfunctioned on day one. Avoid this seller.,negative
Very flimsy and cheaply made. Regret this purchase.,negative
Worst purchase ever. Product doesn't work at all.,negative
Extremely poor quality. Not recommended.,negative
Broken out of the box. Had to return it immediately.,negative
Fraudulent product. Don't waste your money.,negative
Delivery was late and the item was defective.,negative
Not satisfied at all. Nothing worked as promised.,negative
Very unhappy. Product smelled bad and felt cheap.,negative
Useless item. Doesn't do what it claims to do.,negative
Pathetic quality. Broke within days of use.,negative
Horrible product. Returning it immediately.,negative
Complete waste of money. Avoid at all costs.,negative
Item arrived damaged and support didn't care at all.,negative
Terrible build quality. Feels like it will break any moment.,negative
Really bad product. Doesn't match the description.,negative
Disappointed with the quality. Way too expensive for what it is.,negative
Defective unit. Seller refused to replace it.,negative
Not worth it. Cheap construction and poor performance.,negative
Product failed immediately. Very frustrating experience.,negative
Awful product. Returning this right away.,negative
Fragile and poorly designed. Don't recommend this at all.,negative
Trash product. Worked for one hour and died.,negative
Shameful quality. Would never buy from this brand again.,negative
Arrived broken and seller is unresponsive. Disaster.,negative
Extremely disappointed. Product is a total joke.,negative
Malfunctioned immediately. Refund process was also frustrating.,negative
Not even close to what was advertised. Terrible.,negative
Feels very cheap and flimsy. Very dissatisfied.,negative
Product cracked on first use. Absolutely awful quality.,negative
False advertising. Product is a low-quality fake.,negative
Very bad experience overall. Nothing worked properly.,negative
Poor quality control. Half the features don't work.,negative
Item stopped working immediately. Waste of money.,negative
Deeply unsatisfied. Product is dangerous and defective.,negative
Substandard product. Packaging was also terrible.,negative
Cheap knockoff. Nothing like the original.,negative
Did not function at all. Support was non-existent.,negative
Completely broken. Money wasted.,negative
Quality is far below expectations. Not recommended.,negative
Terrible customer experience and terrible product.,negative
So bad it's embarrassing. Would not recommend to anyone.,negative
Broke on first use. Seller should be ashamed.,negative
Very poor quality. Arrived late and wasn't even working.,negative
Complete garbage. Avoid this product at all costs.,negative
